-6.056637,-6.109726
-6.029922,-6.136093
-6.005885,-6.165209
-5.976844,-6.189196
-5.956699,-6.222438
-5.926740,-6.245467
-5.904230,-6.276364
-5.865197,-6.289632
-5.843808,-6.321772
-5.810090,-6.340573
-5.788421,-6.372524
-5.760562,-6.397718
-5.738587,-6.429506
-5.706505,-6.449988
-5.676990,-6.473320
-5.647380,-6.496519
-5.624204,-6.527158
-5.591126,-6.546311
-5.574142,-6.584381
-5.541504,-6.604043
-5.513916,-6.629695
-5.492571,-6.662950
-5.452692,-6.673685
-5.435479,-6.712178
-5.396127,-6.723351
-5.379192,-6.762483
-5.344683,-6.779606
-5.326135,-6.817044
-5.289607,-6.831520
-5.276186,-6.875954
-5.234030,-6.882989
-5.208764,-6.912148
-5.175564,-6.930803
-5.158957,-6.971807
-5.125533,-6.990217
-5.109680,-7.032739
-5.079532,-7.055777
-5.048699,-7.077872
-5.009690,-7.088400
-4.982730,-7.115924
-4.960756,-7.150742
-4.940271,-7.187977
-4.909988,-7.211115
-4.882953,-7.239102
-4.850766,-7.259506
-4.822359,-7.285605
-4.786686,-7.300721
-4.765136,-7.337471
-4.733618,-7.359032
-4.706839,-7.388050
-4.684165,-7.423738
-4.659149,-7.455977
-4.626048,-7.475384
-4.602271,-7.509991
-4.566348,-7.524870
-4.540168,-7.555865
-4.509715,-7.579898
-4.487259,-7.617597
-4.446928,-7.625009
-7.314694,-12.668974
-7.265800,-12.712053
-7.211253,-12.745375
-7.159973,-12.784569
-7.113337,-12.832304
-7.063053,-12.873738
-7.019701,-12.928160
-6.967961,-12.967473
-6.929627,-13.032186
-6.882480,-13.080881
-6.830421,-13.120542
-6.780894,-13.165332
-6.731561,-13.210829
-6.725621,-13.342766
-6.713748,-13.465055
-6.656705,-13.497807
-6.613094,-13.558179
-6.560827,-13.601315
-6.517782,-13.664107
-6.455969,-13.687893
-6.407598,-13.740401
-6.356380,-13.787297
-6.308607,-13.842196
-6.254726,-13.884177
-6.209548,-13.946048
-6.160324,-13.999551
-6.109953,-14.051055
-6.056486,-14.095954
-6.006261,-14.148939
-5.904639,-14.080023
-5.833203,-14.081631
-5.781555,-14.131009
-5.730338,-14.182060
-5.676560,-14.227360
-5.622130,-14.271530
-5.565248,-14.309903
-5.516382,-14.369524
-5.463202,-14.418702
-5.416703,-14.486423
-5.360025,-14.527744
-5.307878,-14.582001
-5.249953,-14.621020
-5.196795,-14.673950
-5.140308,-14.718198
-3.313267,-9.621498
-3.243611,-9.554427
-3.176508,-9.492623
-3.102490,-9.407624
-3.039474,-9.353546
-2.964793,-9.261003
-2.893684,-9.176572
-2.845909,-9.164279
-2.817010,-9.212948
-2.781399,-9.240472
-2.748443,-9.277448
-2.712698,-9.305672
-2.682823,-9.354907
-2.643069,-9.370373
-2.610446,-9.411687
-2.569359,-9.422987
-2.540389,-9.479506
-2.504863,-9.512740
-2.470097,-9.549719
-2.432594,-9.576880
-2.397563,-9.614572
-2.362010,-9.651166
-2.321515,-9.668185
-2.285043,-9.702557
-2.250789,-9.747511
-2.212875,-9.777719
-2.178854,-9.826332
-2.138932,-9.849427
-2.104674,-9.899747
-2.063702,-9.919604
-2.026187,-9.956932
-1.986044,-9.982350
-1.950106,-10.030185
-1.911178,-10.064141
-1.873448,-10.105814
-1.835924,-10.150300
-1.798048,-10.194653
-1.756941,-10.222110
-1.717774,-10.262225
-1.676521,-10.291336
-1.637082,-10.333122
-1.596701,-10.370805
-1.558388,-10.424155
-1.517486,-10.462524
-1.468901,-10.448250
-1.414534,-10.390154
-1.358743,-10.316911
-1.303492,-10.242389
-1.252453,-10.196366
-1.199724,-10.132219
-1.150297,-10.091653
-1.099504,-10.034945
-1.052052,-10.004839
-1.001876,-9.944660
-0.952725,-9.889214
-0.904168,-9.834524
-0.857328,-9.793547
-0.809703,-9.738397
-0.763753,-9.697972
-0.717281,-9.645367
-0.672679,-9.612492
-0.626872,-9.556461
-0.582544,-9.516187
-0.537672,-9.459733
-0.494038,-9.417050
-0.450882,-9.376165
-0.408354,-9.341079
-0.365512,-9.289812
-0.323579,-9.251343
-0.281684,-9.202690
-0.240402,-9.160846
-0.199229,-9.106821
-0.158847,-9.070609
-0.118798,-9.035219
-0.079016,-8.994653
-0.039591,-8.953913
-0.000523,-8.918000
0.038153,-8.863918
0.076626,-8.840668
0.114453,-8.783255
0.152234,-8.751677
0.189262,-8.697941
0.226556,-8.672042
0.263536,-8.642983
0.300093,-8.608771
0.335807,-8.560416
0.371410,-8.518909
0.406322,-8.470260
0.441966,-8.443440
0.476761,-8.405489
0.512027,-8.380373
0.546102,-8.340139
0.580742,-8.312738
0.612043,-8.243310
0.649022,-8.253522
0.687011,-8.274529
0.727547,-8.322259
0.768695,-8.371783
0.810003,-8.418119
0.849926,-8.446345
0.891888,-8.491289
0.932081,-8.516145
0.974884,-8.561675
1.015753,-8.587133
1.061004,-8.646144
1.103761,-8.681112
1.149323,-8.734710
1.193351,-8.773211
1.240519,-8.831299
1.282767,-8.851534
1.326544,-8.880469
1.360106,-8.840991
1.386939,-8.760896
1.426434,-8.762658
1.471251,-8.795803
1.507073,-8.774516
1.543952,-8.759980
1.581979,-8.752175
1.580802,-8.532804
1.650644,-8.697758
1.728630,-8.896618
1.775035,-8.927242
1.824130,-8.969390
1.876070,-9.023026
1.927682,-9.072467
1.974245,-9.096220
2.030789,-9.163671
2.088621,-9.233729
2.146652,-9.301505
2.278414,-9.141338
2.356663,-9.282514
2.431181,-9.403815
2.489748,-9.459846
2.549108,-9.516510
2.614007,-9.591166
2.668918,-9.626888
2.731246,-9.687338
2.797734,-9.759923
2.862669,-9.824430
2.862637,-7.177175
2.886059,-7.145145
2.541671,-6.214315
2.568376,-6.202242
2.591546,-6.181756
2.620445,-6.174993
2.639073,-6.144206
2.663463,-6.127131
2.679700,-6.091652
2.704219,-6.075335
2.720434,-6.040684
2.743446,-6.021478
2.767599,-6.004910
2.791658,-5.988246
2.813920,-5.967869
2.837778,-5.951022
2.854594,-5.919669
2.875572,-5.897271
2.893315,-5.868525
2.911308,-5.840631
2.936312,-5.826980
2.961253,-5.813223
2.984298,-5.795803
3.005402,-5.774744
3.025447,-5.751841
3.049574,-5.736820
3.059432,-5.695271
3.081388,-5.676595
3.102278,-5.656083
3.125956,-5.640745
3.143697,-5.614837
3.173580,-5.610642
3.188602,-5.580246
3.206419,-5.555022
3.220047,-5.522839
3.246142,-5.512183
3.266071,-5.491093
3.289482,-5.475934
3.305043,-5.447851
3.331392,-5.437642
3.345614,-5.407749
3.366527,-5.388860
3.386271,-5.368200
3.402677,-5.342411
3.425953,-5.327514
3.450798,-5.315032
3.469021,-5.292398
3.491527,-5.276379
3.508404,-5.251948
3.518425,-5.217522
3.534966,-5.193028
3.554758,-5.173435
3.581285,-5.163628
3.603206,-5.147135
3.626206,-5.132182
3.637531,-5.100842
3.662088,-5.088170
3.667798,-5.049489
3.694524,-5.039891
3.711124,-5.016488
3.731181,-4.997845
3.755960,-4.985512
3.784938,-4.978631
3.788973,-4.939060
3.812934,-4.925645
3.828848,-4.901869
3.849580,-4.884332
3.857782,-4.851053
3.870775,-4.824036
3.772231,-4.659431
3.787464,-4.636733
3.801298,-4.612447
3.820746,-4.595049
3.827904,-4.563013
3.841316,-4.538635
3.859133,-4.519551
3.893826,-4.520096
3.904983,-4.493252
3.932461,-4.485195
3.947355,-4.462752
3.989425,-4.470856
4.100552,-4.555230
4.149968,-4.569869
4.161085,-4.542133
4.182220,-4.525404
4.207379,-4.512965
4.224974,-4.492381
4.252105,-4.481884
4.259865,-4.451008
4.277855,-4.430941
4.288076,-4.402922
4.320561,-4.397725
4.324924,-4.363916
4.355942,-4.357028
4.370650,-4.333756
4.398074,-4.323058
4.414029,-4.301036
4.425560,-4.274790
4.439835,-4.251291
4.456165,-4.229814
4.481132,-4.216499
4.502411,-4.199636
4.522160,-4.181310
4.541834,-4.162891
4.557733,-4.141019
4.572784,-4.118417
4.584742,-4.093099
4.610045,-4.079684
4.629304,-4.060851
4.650751,-4.043895
4.675924,-4.030094
4.692703,-4.009005
4.694887,-3.975568
4.722910,-3.964047
4.736317,-3.940206
4.756549,-3.922049
4.775939,-3.903157
4.797585,-3.886059
4.663213,-3.743641
4.422833,-3.519041
4.219065,-3.326954
4.044437,-3.160730
3.892951,-3.015079
3.763280,-2.888469
3.629398,-2.760629
3.539193,-2.667722
3.533973,-2.639687
3.547065,-2.625434
3.552035,-2.605201
3.571457,-2.595558
3.573009,-2.572939
3.591527,-2.562553
3.607573,-2.550322
3.626856,-2.540295
3.640370,-2.526157
3.656301,-2.513649
3.655662,-2.489792
3.662345,-2.471023
3.675586,-2.456687
3.692940,-2.445044
3.710262,-2.433295
3.718327,-2.415450
3.679214,-2.367280
3.636378,-2.317347
3.645608,-2.300926
3.704795,-2.315741
3.791388,-2.346925
3.817791,-2.340291
3.828820,-2.324130
3.844923,-2.311009
3.849813,-2.291143
3.567705,-2.102227
3.879160,-2.263006
3.901120,-2.253062
2.947292,-1.685080
1.791046,-1.013667
1.777130,-0.995579
1.775335,-0.984421
1.762080,-0.967044
1.730254,-0.939778
1.692058,-0.909494
1.682767,-0.895059
1.651259,-0.869079
1.645279,-0.856786
1.627667,-0.838607
1.610818,-0.821053
1.579562,-0.796458
1.566019,-0.781079
1.537127,-0.758311
1.518852,-0.741074
1.503157,-0.725314
1.493672,-0.712719
1.468731,-0.692968
1.467209,-0.684440
1.452928,-0.670075
1.442189,-0.657507
1.401283,-0.631487
1.391236,-0.619671
1.378367,-0.606746
1.381918,-0.601125
1.350535,-0.580480
1.356736,-0.576145
1.346327,-0.564804
1.327530,-0.550120
1.302153,-0.532959
1.300758,-0.525774
1.278892,-0.510455
1.284828,-0.506337
1.265590,-0.492387
1.256524,-0.482559
1.242721,-0.471046
1.238208,-0.463168
1.210197,-0.446680
1.207436,-0.439685
1.192403,-0.428328
1.194260,-0.423121
1.173438,-0.409991
1.173325,-0.404216
1.161821,-0.394590
1.152152,-0.385708
1.139579,-0.375978
1.129797,-0.367292
1.116151,-0.357479
1.124376,-0.354712
1.109678,-0.344759
1.110215,-0.339622
1.108814,-0.333910
1.095879,-0.324806
1.065605,-0.310782
1.070796,-0.307233
1.061540,-0.299571
1.067654,-0.296274
1.051571,-0.286875
1.051847,-0.282026
1.033728,-0.272339
1.026193,-0.265571
1.016681,-0.258382
1.014888,-0.253217
1.004327,-0.245933
1.008308,-0.242249
0.997675,-0.235096
0.994794,-0.229840
0.987985,-0.223731
0.981141,-0.217685
0.965469,-0.209793
0.965397,-0.205370
0.955515,-0.198914
0.957354,-0.194943
0.949368,-0.189007
0.958037,-0.186391
0.932316,-0.177169
0.923247,-0.171275
0.917098,-0.165999
0.902057,-0.159215
0.916540,-0.157651
0.911302,-0.152659
0.902090,-0.147073
0.897784,-0.142352
0.898397,-0.138434
0.871301,-0.130370
0.881757,-0.128004
0.871415,-0.122622
0.867978,-0.118279
0.863529,-0.113838
0.874929,-0.111459
0.861512,-0.105932
0.849056,-0.100642
0.830610,-0.094783
0.836979,-0.091812
0.824444,-0.086798
0.830784,-0.083803
0.819197,-0.079025
0.825509,-0.076000
0.832806,-0.073009
0.826141,-0.068794
0.814470,-0.064245
0.804770,-0.059948
0.805024,-0.056436
0.809254,-0.053186
0.800495,-0.049104
0.798705,-0.045497
0.792904,-0.041696
0.794078,-0.038285
0.775255,-0.033988
0.770400,-0.030408
0.762530,-0.026766
0.776633,-0.023869
0.767733,-0.020243
0.765815,-0.016849
0.755882,-0.013331
0.756933,-0.010046
0.734971,-0.006548
0.746992,-0.003396
0.732000,-0.000134
0.735994,0.003077
0.730973,0.006245
0.737939,0.009525
0.733891,0.012675
0.725830,0.015704
0.706761,0.018377
0.712671,0.021642
0.709572,0.024647
0.718451,0.028095
0.710329,0.030881
0.715182,0.034219
0.706038,0.036870
0.683906,0.038707
0.677741,0.041325
0.695516,0.045456
0.690323,0.048142
0.690107,0.051153
0.680905,0.053459
0.682658,0.056595
0.665469,0.058094
0.680147,0.062367
0.661951,0.063612
0.655697,0.065899
0.649436,0.068133
0.669014,0.073140
0.660740,0.075154
0.660406,0.078036
0.648148,0.079456
0.642835,0.081654
0.620660,0.081590
0.627235,0.085240
0.641711,0.090060
0.646260,0.093576
0.635956,0.094918
0.640477,0.098452
0.625226,0.098902
0.624789,0.101628
0.615462,0.102870
0.615008,0.105554
0.611587,0.107716
0.617999,0.111628
0.616523,0.114141
0.618967,0.117389
0.605687,0.117610
0.606149,0.120446
0.593858,0.120700
0.596263,0.123900
0.589848,0.125254
0.598091,0.129734
0.591661,0.131045
0.597912,0.135168
0.599265,0.138225
0.586975,0.138091
0.575671,0.138084
0.577977,0.141307
0.585118,0.145761
0.585445,0.148559
0.581887,0.150361
0.584127,0.153662
0.558335,0.149485
0.576010,0.156913
0.554119,0.153550
0.561144,0.158136
0.563332,0.161409
0.573184,0.166941
0.559026,0.165467
0.562129,0.169056
0.553735,0.169170
0.552037,0.171288
0.548423,0.172793
0.552426,0.176708
0.546894,0.177572
0.548014,0.180583
0.543427,0.181703
0.552099,0.187285
0.529528,0.182208
0.533449,0.186165
0.532632,0.188490
0.525216,0.188448
0.529087,0.192447
0.541378,0.199597
0.529261,0.197756
0.520912,0.197231
0.510710,0.195920
0.529424,0.205754
0.513633,0.202201
0.520177,0.207403
0.516485,0.208547
0.516496,0.211177
0.520190,0.215341
0.528468,0.221473
0.502641,0.213232
0.498030,0.213845
0.491590,0.213625
0.505299,0.222208
0.500670,0.222785
0.509724,0.229483
0.502348,0.228803
0.502253,0.231411
0.481298,0.224307
0.488455,0.230242
0.476614,0.227207
0.495436,0.238838
0.488996,0.238368
0.491539,0.242268
0.488687,0.243518
0.487620,0.245648
0.477632,0.243235
0.465008,0.239367
0.467508,0.243240
0.474408,0.249466
0.478613,0.254349
0.477499,0.256435
0.479012,0.259946
0.477874,0.262034
0.458357,0.253939
0.456372,0.255448
0.449160,0.253991
0.461940,0.263885
0.450391,0.259900
0.463940,0.270424
0.470511,0.277011
0.466719,0.277528
0.449216,0.269780
0.451455,0.273812
0.436612,0.267422
0.454151,0.280897
0.449528,0.280757
0.443224,0.279515
0.445374,0.283594
0.444974,0.286075
0.430301,0.279303
0.433260,0.283918
0.432851,0.286357
0.439082,0.293242
0.430336,0.290124
0.428240,0.291436
0.437679,0.300662
0.439651,0.304848
0.423569,0.296443
0.421455,0.297711
0.414452,0.295483
0.422088,0.303713
0.419141,0.304377
0.415389,0.304429
0.418881,0.309806
0.413518,0.308640
0.405777,0.305629
0.406032,0.308606
0.402301,0.308549
0.411232,0.318258
0.409840,0.320049
0.411581,0.324310
0.401552,0.319257
0.395475,0.317251
0.401860,0.325265
0.395790,0.323220
0.385115,0.317313
0.395262,0.328579
0.397655,0.333514
0.403067,0.341059
0.391688,0.334374
0.385679,0.332164
0.378942,0.329252
0.381262,0.334198
0.373807,0.330559
0.388778,0.346832
0.388004,0.349194
0.386477,0.350884
0.370194,0.339058
0.368711,0.340670
0.359174,0.334776
0.362810,0.341135
0.364220,0.345467
0.380050,0.363645
0.368387,0.355577
0.374713,0.364855
0.365984,0.359479
0.366543,0.363183
0.358589,0.358417
0.356318,0.359268
0.354046,0.360106
0.365035,0.374538
0.355754,0.368216
0.353453,0.369042
0.345642,0.364054
0.354331,0.376482
0.343817,0.368519
0.351033,0.379559
0.339912,0.370768
0.343672,0.378167
0.340011,0.377434
0.353014,0.395324
0.337367,0.381136
0.337680,0.384859
0.332716,0.382556
0.331697,0.384761
0.326767,0.382404
0.337375,0.398324
0.329847,0.392899
0.331968,0.398947
0.324497,0.393448
0.325309,0.397957
0.316645,0.390826
0.319946,0.398441
0.320695,0.402963
0.325127,0.412210
0.322094,0.412049
0.318456,0.411079
0.314223,0.409292
0.316068,0.415434
0.308834,0.409622
0.310037,0.414972
0.311198,0.420339
0.311727,0.424918
0.305755,0.420612
0.313268,0.434924
0.295102,0.413496
0.299646,0.423761
0.289761,0.413598
0.297077,0.428003
0.293507,0.426823
0.297272,0.436364
0.289212,0.428539
0.292342,0.437278
0.283805,0.428545
0.279739,0.426434
0.276786,0.425974
0.281960,0.438109
0.283271,0.444394
0.282931,0.448163
0.280443,0.448545
0.283221,0.457416
0.269723,0.439893
0.266763,0.439356
0.260206,0.432802
0.271104,0.455415
0.268099,0.454870
0.272159,0.466400
0.264119,0.457193
0.268079,0.468757
0.252730,0.446426
0.255668,0.456248
0.251250,0.452987
0.254565,0.463722
0.256836,0.472736
0.254297,0.472971
0.254110,0.477608
0.247831,0.470748
0.240231,0.461182
0.243256,0.472004
0.238469,0.467715
0.244082,0.483930
0.237950,0.476937
0.246488,0.499492
0.239043,0.489779
0.235600,0.488115
0.231745,0.485529
0.229624,0.486535
0.222002,0.475752
0.226627,0.491245
0.224897,0.493138
0.225620,0.500497
0.224655,0.504216
0.224468,0.509768
0.217853,0.500656
0.212506,0.494252
0.210348,0.495174
0.216312,0.515452
0.213295,0.514543
0.212185,0.518245
0.207672,0.513603
0.206542,0.517290
0.202449,0.513535
0.202746,0.520937
0.195450,0.508748
0.198901,0.524556
0.195910,0.523546
0.196395,0.531900
0.190307,0.522417
0.185321,0.515713
0.188414,0.531598
0.182794,0.522975
0.183117,0.531331
0.181762,0.534965
0.184507,0.550925
0.180221,0.546027
0.179075,0.550612
0.173314,0.540912
0.170652,0.540710
0.167104,0.537629
0.167975,0.548872
0.167021,0.554387
0.167160,0.563739
0.163858,0.561583
0.162786,0.567098
0.155963,0.552405
0.152214,0.548263
0.151927,0.556639
0.152606,0.568887
0.149613,0.567613
0.150644,0.581814
0.147858,0.581496
0.147015,0.588928
0.138733,0.566253
0.137429,0.571714
0.136999,0.581068
0.134913,0.583609
0.133691,0.590044
0.131766,0.593550
0.131725,0.605845
0.124500,0.584896
0.122966,0.590329
0.120989,0.593799
0.118397,0.594322
0.114656,0.588943
0.114514,0.602209
0.112068,0.603686
0.112820,0.622865
0.108362,0.613504
0.105005,0.610029
0.101847,0.607522
0.100806,0.617830
0.097796,0.616289
0.096935,0.628569
0.094340,0.629975
0.091734,0.631371
0.089257,0.633745
0.084735,0.621248
0.082808,0.627560
0.080196,0.628908
0.078795,0.640169
0.076355,0.643486
0.073887,0.646793
0.071829,0.654068
0.073272,0.695149
0.067425,0.667604
0.104699,1.083955
0.100979,1.095355
0.098823,1.125671
0.094326,1.131074
0.090414,1.144434
0.085495,1.145815
0.080635,1.148172
0.074573,1.132547
0.070920,1.153823
0.065600,1.149129
0.061270,1.162386
0.056343,1.165639
0.051477,1.170869
0.046565,1.176079
0.041152,1.168275
0.036394,1.179439
0.031380,1.184584
0.026300,1.188709
0.020954,1.179814
0.014949,1.115900
0.009520,1.053957
0.004908,1.050989
0.000316,1.031000
-0.004186,1.031991
-0.008655,1.027964
-0.013421,1.049914
-0.018121,1.056845
-0.022947,1.066753
-0.027601,1.066643
-0.032708,1.081506
-0.036700,1.060365
-0.041754,1.071187
-0.046168,1.065000
-0.051386,1.076775
-0.056395,1.082532
-0.061230,1.084272
-0.066568,1.093976
-0.070364,1.078708
-0.075972,1.091359
-0.079774,1.078052
-0.084320,1.075700
-0.088930,1.074326
-0.093095,1.067950
-0.097024,1.059567
-0.103652,1.080038
-0.108064,1.076590
-0.112656,1.075114
-0.116802,1.069642
-0.123049,1.083032
-0.127421,1.079506
-0.131522,1.073977
-0.138472,1.091249
-0.142841,1.087660
-0.146778,1.081082
-0.146217,1.042799
-0.150765,1.042151
-0.150296,1.007855
-0.155450,1.012132
-0.160802,1.017371
-0.167645,1.031465
-0.171155,1.024806
-0.176639,1.029963
-0.177318,1.007516
-0.184554,1.022478
-0.186830,1.009863
-0.193469,1.020829
-0.196587,1.013103
-0.202953,1.022044
-0.207012,1.019189
-0.211254,1.017297
-0.217143,1.023213
-0.224995,1.037893
-0.234276,1.058381
-0.240213,1.063202
-0.243727,1.057271
-0.245133,1.042569
-0.251078,1.047325
-0.254933,1.043305
-0.256825,1.031509
-0.260093,1.025532
-0.279569,1.082481
-0.286832,1.090922
-0.284092,1.061646
-0.282679,1.038205
-0.287206,1.036961
-0.287932,1.022223
-0.291012,1.016150
-0.290132,0.996628
-0.296180,1.001106
-0.300545,0.999804
-0.310745,1.017612
-0.315774,1.018157
-0.328624,1.043476
-0.340787,1.065845
-0.363339,1.119515
-0.374790,1.137865
-0.386724,1.157084
-0.387594,1.143075
-0.399408,1.161231
-0.403812,1.157589
-0.407191,1.151102
-0.409171,1.140843
-0.408335,1.123070
-0.398708,1.081869
-0.405173,1.084803
-0.414150,1.094248
-0.414624,1.081227
-0.418251,1.076611
-0.423676,1.076637
-0.425408,1.067347
-0.426692,1.057135
-0.437353,1.070074
-0.445841,1.077396
-0.454015,1.083741
-0.465767,1.098322
-0.474499,1.105468
-0.485692,1.118063
-0.494590,1.125087
-0.499900,1.123833
-0.505619,1.123465
-0.521290,1.144911
-0.537994,1.168057
-0.548998,1.178389
-0.560101,1.188647
-0.573456,1.203344
-0.580003,1.203533
-0.592696,1.216273
-0.602417,1.222646
-0.617555,1.239698
-0.631054,1.253068
-0.651940,1.280603
-0.663927,1.290194
-0.680163,1.307690
-0.690050,1.312677
-0.706092,1.329082
-0.714250,1.330394
-0.731492,1.348360
-0.746982,1.362694
-0.772785,1.395288
-0.787166,1.406738
-0.809044,1.431148
-0.816273,1.429341
-0.839491,1.455217
-0.855398,1.467956
-0.876504,1.489202
-0.897812,1.510292
-0.924983,1.540654
-0.941547,1.552851
-0.968157,1.581135
-0.979253,1.583700
-1.008398,1.615039
-1.025568,1.626696
-1.053598,1.655106
-1.086221,1.690031
-1.115359,1.718830
-1.151891,1.758281
-1.232920,1.864171
-1.277690,1.913664
-1.309501,1.942899
-1.352279,1.987601
-1.409624,2.052574
-1.463003,2.110509
-1.521500,2.174570
-1.564430,2.215288
-1.620514,2.273587
-1.662536,2.311143
-1.718429,2.366987
-1.765974,2.410286
-1.834143,2.480553
-1.884419,2.525424
-1.956776,2.598661
-2.015286,2.652204
-2.089512,2.725123
-2.156456,2.787162
-2.239364,2.868374
-2.313120,2.936344
-2.412400,3.035038
-2.441260,3.043986
-2.363307,2.920587
-2.375395,2.909473
-2.821046,3.424714
-2.956124,3.556958
-3.071205,3.662800
-3.208576,3.792897
-3.380896,3.961415
-3.550829,4.123951
-3.753720,4.321315
-3.960374,4.519238
-4.191344,4.740910
-4.418993,4.954676
-4.702763,5.226757
-4.997722,5.506076
-5.355307,5.848554
-5.730218,6.203436
-6.173768,6.625384
-6.696443,7.123720
-9.586137,9.933982
-9.624506,9.887048
-9.678761,9.856378
-9.723081,9.815475
-5.581733,-8.003526
-5.561786,-8.046679
-5.536733,-8.083434
-5.508461,-8.116124
-5.488392,-8.159929
-5.452587,-8.182809
-5.430883,-8.224877
-5.420008,-8.355150
-5.380489,-8.373627
-5.343228,-8.395178
-5.343170,-8.469799
-5.305519,-8.491166
-5.269487,-8.514830
-5.253056,-8.567266
-5.204957,-8.573286
-5.195247,-8.636415
-5.202754,-8.726298
-5.162973,-8.745318
-5.141107,-8.791827
-5.129758,-8.855124
-5.097005,-8.885590
-5.088104,-8.953988
-5.049562,-8.975828
-5.034086,-9.034910
-5.007225,-9.076115
-4.983218,-9.122380
-4.950668,-9.154885
-4.955260,-9.250010
-4.922071,-9.282441
-4.891722,-9.319934
-4.863145,-9.360797
-4.863589,-9.452803
-4.806697,-9.444891
-4.790042,-9.508203
-4.752084,-9.533931
-4.685139,-9.506899
-4.630932,-9.502306
-4.548936,-9.445444
-4.493821,-9.437486
-4.429091,-9.410636
-4.366535,-9.386942
-4.307940,-9.369987
-4.241409,-9.336656
-4.174809,-9.302022
-4.103689,-9.257136
-4.046760,-9.239602
-3.981299,-9.203766
-3.923622,-9.182841
-3.862764,-9.154361
-3.811623,-9.145414
-3.748806,-9.110814
-3.700605,-9.106708
-3.638003,-9.070500
-3.583598,-9.051238
-3.518454,-9.007002
-3.469882,-8.998976
-3.410686,-8.965930
-3.359353,-8.949990
-3.310574,-8.939288
-3.253837,-8.908957
-3.197052,-8.877374
-3.145155,-8.856563
-3.090885,-8.828973
-3.040998,-8.811288
-2.988031,-8.784955
-2.940072,-8.770438
-2.887284,-8.742593
-2.837636,-8.721929
-2.783678,-8.688814
-2.733876,-8.665709
-2.680572,-8.631991
-2.636409,-8.622437
-2.589715,-8.605115
-2.542899,-8.586599
-2.492068,-8.555541
-2.449277,-8.546921
-2.398365,-8.513428
-2.352810,-8.494843
-2.304378,-8.466504
-2.261733,-8.455042
-2.216531,-8.434778
-2.175411,-8.426689
-2.125931,-8.390663
-2.085171,-8.382130
-2.034023,-8.337917
-1.992542,-8.325092
-1.952321,-8.315902
-1.933671,-8.382546
-1.907266,-8.423162
-1.886600,-8.485887
-1.860510,-8.530231
-1.837895,-8.589009
-1.809299,-8.626442
-1.784111,-8.678322
-1.758994,-8.732077
-1.733686,-8.786742
-1.710509,-8.852041
-1.684967,-8.909510
-1.661887,-8.979583
-1.632715,-9.025233
-1.607295,-9.089338
-1.578170,-9.138731
-1.542411,-9.158688
-1.495516,-9.125632
-1.447350,-9.084496
-1.411091,-9.100973
-1.378347,-9.135950
-1.337309,-9.128561
-1.296550,-9.121965
-1.257661,-9.125020
-1.189595,-8.962457
-1.171255,-9.080350
-1.168425,-9.296872
-1.147011,-9.410884
-1.115711,-9.468580
-1.028394,-9.165424
-1.000231,-9.239488
-0.789133,-9.784269
-0.743540,-9.749298
-0.731167,-10.014311
-0.696526,-10.089438
-0.661150,-10.163450
-0.627257,-10.259235
-0.589708,-10.324039
-0.551002,-10.381730
-0.516284,-10.493085
-0.491053,-10.736916
-0.453772,-10.847083
-0.565916,-13.105865
-0.514684,-13.175489
-0.466466,-13.303798
-0.415726,-13.406966
-0.368292,-13.589826
-0.313560,-13.653655
-0.259376,-13.742232
-0.206240,-13.876554
-0.153656,-14.059631
-0.096547,-14.146550
-0.038951,-14.243226
0.019918,-14.319663
0.077118,-14.528831
0.137676,-14.620769
0.198716,-14.748446
0.261020,-14.840858
0.324121,-15.066001
0.388415,-15.111864
0.431227,-12.632540
0.484275,-12.598963
0.560793,-8.108407
0.595332,-8.130291
0.590949,-7.154786
0.619742,-7.135578
0.648612,-7.121243
0.677886,-7.116771
0.705937,-7.091206
0.734504,-7.077502
0.762959,-7.063678
0.791509,-7.052724
0.820417,-7.047634
0.849917,-7.050394
0.877381,-7.028109
0.904661,-7.005711
0.931939,-6.985195
0.960582,-6.980493
0.987292,-6.956762
1.016420,-6.957788
1.043936,-6.943774
1.072362,-6.938588
1.099112,-6.919375
1.126927,-6.909981
1.152908,-6.886580
1.180658,-6.877948
1.207269,-6.861272
1.236951,-6.867264
1.262399,-6.843429
1.289429,-6.831366
1.319566,-6.839945
1.343697,-6.809865
1.370477,-6.797463
1.395848,-6.777060
1.423431,-6.770355
1.449934,-6.757624
1.477059,-6.748719
1.504128,-6.739699
1.532444,-6.737441
1.555996,-6.710516
1.581870,-6.696259
1.606847,-6.677976
1.635962,-6.680155
1.662835,-6.671441
1.686900,-6.649908
1.713182,-6.639025
1.742484,-6.641687
1.765539,-6.616930
1.791154,-6.603772
1.812949,-6.574951
1.842598,-6.579085
1.867717,-6.564642
1.897906,-6.570453
1.921417,-6.549976
1.947071,-6.538118
1.972392,-6.525186
1.997105,-6.510222
2.019850,-6.488413
2.047048,-6.482886
2.072303,-6.470508
2.098880,-6.462827
2.125708,-6.455988
2.152798,-6.449989
2.172563,-6.419961
2.202773,-6.424259
2.369040,-6.313039
2.332303,-6.124681
2.824207,-6.124289
2.850073,-6.115161
2.880786,-6.116880
2.902117,-6.097468
2.933278,-6.099820
2.954045,-6.079305
2.976372,-6.062342
2.999028,-6.046197
3.024606,-6.036282
3.048412,-6.022648
3.080477,-6.025993
3.102010,-6.007639
3.135034,-6.012474
3.154203,-5.989444
3.177310,-5.974374
3.195304,-5.949430
3.223290,-5.943950
3.242905,-5.922400
3.279284,-5.932576
3.307289,-5.926681
3.333867,-5.918011
3.356580,-5.902200
3.373394,-5.875801
3.399808,-5.866811
3.425708,-5.856826
3.451580,-5.846718
3.483422,-5.846883
3.505250,-5.829595
3.536630,-5.828593
3.556303,-5.807654
3.445856,-5.469009
3.357566,-5.276760
3.277726,-5.101493
3.200685,-4.933786
3.129222,-4.777810
3.064028,-4.634322
3.001992,-4.498199
2.939919,-4.364374
2.868452,-4.218662
2.860757,-4.170940
2.875617,-4.157353
2.899973,-4.157763
2.919851,-4.151437
2.936302,-4.140080
2.950984,-4.126194
2.953476,-4.095099
2.985940,-4.106393
3.000441,-4.092313
3.028388,-4.096786
3.039871,-4.078504
3.058977,-4.070643
3.076870,-4.061084
3.091723,-4.047445
3.105298,-4.032155
3.128532,-4.029510
3.137104,-4.007755
3.079059,-3.900881
3.099987,-3.895900
3.173208,-3.956549
3.232615,-3.998685
3.237071,-3.971975
3.271083,-3.981694
3.283611,-3.964948
3.315229,-3.971228
3.305826,-3.928269
3.053197,-3.598456
3.367238,-3.937866
3.389281,-3.932136
3.425106,-3.942130
2.717437,-3.103715
2.680955,-3.038572
2.683232,-3.017821
2.656605,-2.965143
2.606707,-2.887579
2.621700,-2.882024
1.836489,-2.010522
1.865431,-2.027318
1.852073,-1.998727
1.835742,-1.967383
1.829538,-1.947051
1.818324,-1.921766
1.806220,-1.895893
1.800227,-1.876576
1.781423,-1.844556
1.763075,-1.813436
1.751585,-1.789545
1.740627,-1.766484
1.733076,-1.747034
1.729699,-1.731846
1.719715,-1.710489
1.718276,-1.697507
1.695629,-1.664690
1.682230,-1.640963
1.673056,-1.621451
1.669635,-1.607450
1.661677,-1.589467
1.656561,-1.574254
1.645369,-1.553782
1.648252,-1.546022
1.631548,-1.521114
1.617671,-1.498998
1.610443,-1.482902
1.605380,-1.468839
1.597167,-1.452256
1.598025,-1.443481
1.593450,-1.430242
1.590326,-1.418336
1.566991,-1.390025
1.565968,-1.380190
1.560205,-1.366628
1.552781,-1.351890
1.540542,-1.333521
1.547864,-1.330671
1.539373,-1.315530
1.541085,-1.308396
1.518084,-1.282497
1.514845,-1.271866
1.507530,-1.258288
1.506550,-1.249551
1.501485,-1.237882
1.505238,-1.232741
1.495985,-1.218233
1.494769,-1.209631
1.473086,-1.186625
1.479073,-1.183329
1.458764,-1.161753
1.458889,-1.154533
1.458147,-1.146764
1.466477,-1.145168
1.453199,-1.129067
1.458146,-1.125241
1.436322,-1.103838
1.439491,-1.098982
1.424138,-1.082209
1.436490,-1.083318
1.425193,-1.069389
1.424821,-1.062462
1.424409,-1.055551
1.425662,-1.049703
1.407224,-1.031922
1.408366,-1.026164
1.394010,-1.011202
1.394191,-1.005009
1.393475,-0.998323
1.397916,-0.994655
1.396268,-0.987487
1.397190,-0.981822
1.371910,-0.961498
1.379706,-0.959835
1.370851,-0.948973
1.373345,-0.944404
1.373177,-0.938405
1.368562,-0.930069
1.364780,-0.922251
1.327969,-0.848216
1.318753,-0.822835
1.315300,-0.810923
0.878135,0.101384
0.888245,0.118717
0.881591,0.117195
0.878762,0.123371
0.865476,0.115699
0.872917,0.126833
0.865581,0.124468
0.874369,0.137049
0.867759,0.135331
0.873508,0.145265
0.869788,0.146270
0.863911,0.145170
0.862352,0.148213
0.878613,0.168772
0.984210,0.278166
1.066934,0.366576
1.080592,0.386846
1.102500,0.415806
1.100438,0.420623
1.090011,0.416807
1.082399,0.415804
1.089270,0.429979
1.081638,0.428937
1.084945,0.439542
1.087495,0.449458
1.091324,0.460885
8.107058,8.188155
8.085686,8.239858
8.046027,8.271398
8.007009,8.457734
7.963174,8.485107
7.945883,8.543436
0.975792,0.861155
0.968082,0.859548
0.965438,0.867676
0.961828,0.874021
0.956372,0.876788
0.957155,0.892058
0.952063,0.895701
0.945636,0.896627
0.940517,0.900224
0.788599,1.294840
0.781572,1.297811
0.771938,1.291095
0.769252,1.310434
0.756129,1.290091
0.740975,1.260943
0.730927,1.251099
0.723353,1.250912
0.716489,1.253607
0.707314,1.246540
0.707218,1.278396
0.703978,1.297603
0.702312,1.324623
0.708066,1.386837
0.698293,1.378711
0.694513,1.398923
0.687169,1.402479
0.682342,1.418753
0.674703,1.421276
0.667237,1.424750
0.655913,1.407545
0.647955,1.407988
0.641564,1.417258
0.635947,1.431433
0.629881,1.443621
0.525359,1.907222
0.511992,1.867216
0.503547,1.884958
0.492271,1.866768
0.483540,1.882440
0.513112,2.481813
0.505432,2.560460
0.493478,2.576195
0.479811,2.561923
0.467527,2.573557
0.453739,2.553171
0.440606,2.544712
0.427373,2.531198
0.414045,2.510627
0.401561,2.514986
0.388973,2.516292
0.376411,2.519544
0.363420,2.492743
0.350926,2.494883
0.338279,2.467969
0.325872,2.459000
0.313617,2.431977
0.301783,2.382902
0.290748,2.304781
0.279434,2.282609
0.267796,2.284385
0.255909,2.295106
0.242689,2.346756
0.228878,2.402337
0.217034,2.394897
0.205123,2.390403
0.192678,2.397845
0.180946,2.390250
0.168826,2.390594
0.156944,2.386892
0.146197,2.366175
0.134656,2.359383
0.122433,2.362516
0.110178,2.365594
0.098966,2.355661
0.086446,2.361622
0.075330,2.351593
0.063914,2.345501
0.053246,2.332396
0.039977,2.345108
0.029740,2.328927
0.016591,2.339536
0.006040,2.327241
-0.006962,2.335750
-0.017778,2.326339
-0.029300,2.322835
-0.039453,2.309372
-0.049912,2.298844
-0.062290,2.302131
-0.072196,2.288548
-0.086849,2.306557
-0.104477,2.342269
-0.124831,2.392683
-0.143821,2.432120
-0.165529,2.485242
-0.185630,2.526409
-0.208053,2.578279
-0.229847,2.624107
-0.255216,2.686504
-0.279807,2.741863
-0.308981,2.817662
-0.332061,2.859946
-0.358774,2.917753
-0.386420,2.977344
-0.415869,3.042619
-0.446550,3.110629
-0.481143,3.193066
-0.515347,3.270394
-0.553445,3.361118
-0.584191,3.417542
-0.623279,3.505824
-0.663637,3.595776
-0.707256,3.695141
-0.750510,3.789359
-0.799437,3.901649
-0.848329,4.009726
-0.900550,4.126139
-0.953541,4.241214
-1.015422,4.383823
-1.062602,4.470221
-1.756229,6.774224
-1.785414,6.758364
-1.822562,6.769199
-1.848454,6.742547
-1.883634,6.746367
-1.910478,6.723310
-1.944776,6.723967
-1.971714,6.701631
-2.000689,6.685844
-2.043519,6.711671
-2.373271,7.469931
-2.478287,7.661087
-2.662390,8.070191
-2.919322,8.670798
-3.038716,8.876473
-4.784807,12.284660
-4.841126,12.265022
